{
  "accuracy": 0.7662337662337663,
  "precision": 0.6323529411764706,
  "recall": 0.7962962962962963,
  "f1_score": 0.7049180327868853,
  "auc_roc": 0.8233333333333334
}