{
  "accuracy": 0.7402597402597403,
  "precision": 0.6206896551724138,
  "recall": 0.6666666666666666,
  "f1_score": 0.6428571428571429,
  "auc_roc": 0.8112962962962963
}