{
  "Pregnancies": 878.8198851197958,
  "Glucose": 3217.142053555581,
  "BloodPressure": 853.2018567712512,
  "SkinThickness": 579.3524970693979,
  "Insulin": 511.57335681375116,
  "BMI": 1783.162044028286,
  "DiabetesPedigreeFunction": 1536.5094569777139,
  "Age": 1160.3062390759587
}